sequence_length,sequence,label
5,"4.468,3.149,1.434,-0.016,-1.195",0
5,"1.3,-0.355,-1.673,-3.294,-4.764",0
5,"3.479,2.629,1.537,0.711,-0.497",0
5,"4.893,3.83,2.321,1.167,-0.019",0
5,"6.378,5.754,5.037,4.734,3.784",0
5,"1.151,0.024,-1.692,-2.887,-4.622",0
5,"6.031,5.261,4.533,3.821,2.959",0
5,"8.351,7.653,6.481,5.937,4.974",0
5,"1.569,0.276,-1.148,-2.65,-4.402",0
5,"8.722,7.573,6.493,5.232,4.095",0
5,"7.556,6.579,5.346,4.057,3.07",0
5,"8.169,6.552,6.074,4.97,3.919",0
5,"3.796,2.874,2.034,0.726,-0.326",0
5,"9.292,8.196,6.8,5.363,4.212",0
5,"8.928,7.945,6.896,5.695,4.92",0
5,"1.102,-0.16,-1.022,-2.021,-3.101",0
5,"9.769,8.689,7.878,7.005,5.906",0
5,"3.56,3.036,2.859,1.924,1.461",0
5,"2.475,1.427,0.444,-0.801,-1.443",0
5,"6.491,5.517,4.545,3.609,2.483",0
5,"6.865,6.592,5.906,5.619,4.894",0
5,"9.663,8.676,8.107,7.64,6.696",0
5,"8.114,7.327,6.284,5.307,3.949",0
5,"7.336,6.174,4.791,3.24,1.98",0
5,"2.499,0.949,-0.063,-1.67,-3.318",0
5,"7.508,6.846,5.812,5.342,4.523",0
5,"6.882,5.737,4.648,3.591,2.634",0
5,"9.08,7.899,6.984,5.595,4.912",0
5,"2.597,1.607,0.279,-0.803,-2.062",0
5,"9.662,8.193,6.739,5.547,4.389",0
5,"2.551,1.526,0.279,-0.622,-1.693",0
5,"8.725,7.818,6.573,4.967,3.793",0
5,"8.362,7.552,5.75,4.524,3.187",0
5,"9.108,8.056,7.299,6.423,5.67",0
5,"5.293,3.906,3.034,2.226,1.029",0
5,"7.768,7.105,6.531,5.789,4.969",0
5,"5.562,4.756,3.492,2.581,1.197",0
5,"1.211,-0.159,-1.567,-3.34,-4.673",0
5,"2.673,1.718,0.718,0.295,-0.275",0
5,"4.931,4.219,3.175,2.6,1.902",0
5,"4.781,4.516,4.034,3.287,3.121",0
5,"6.501,6.387,5.41,5.254,4.536",0
5,"6.958,6.175,5.613,4.882,4.294",0
5,"4.593,3.67,1.914,1.041,0.009",0
5,"9.693,8.152,6.809,5.361,3.941",0
5,"2.191,1.002,-0.284,-1.405,-2.629",0
5,"3.65,2.952,2.18,1.524,1.02",0
5,"3.978,2.604,1.371,-0.101,-1.534",0
5,"2.124,0.529,-0.775,-2.326,-3.633",0
5,"9.536,8.359,7.722,6.184,5.08",0
5,"7.146,5.895,4.546,3.161,2.055",0
5,"4.872,3.462,2.15,0.873,-0.662",0
5,"6.601,5.887,5.291,4.795,3.942",0
5,"8.104,6.76,5.389,4.02,2.748",0
5,"4.815,3.261,2.003,0.556,-0.759",0
5,"7.59,6.615,5.608,4.568,3.321",0
5,"3.046,1.551,0.101,-1.493,-2.837",0
5,"6.739,5.792,4.158,3.208,1.909",0
5,"1.737,0.507,-0.279,-1.024,-2.033",0
5,"6.174,5.726,5.379,4.662,3.855",0
5,"6.965,6.775,6.014,5.104,4.255",0
5,"9.932,8.37,7.231,5.464,4.271",0
5,"1.508,0.15,-1.29,-2.493,-4.112",0
5,"9.565,8.587,7.205,6.038,5.353",0
5,"2.255,0.868,-0.144,-1.483,-2.355",0
5,"9.153,8.083,7.288,6.035,5.379",0
5,"2.386,1.449,1.021,0.378,0.129",0
5,"5.734,4.587,2.852,1.519,0.483",0
5,"4.822,3.639,1.976,0.793,-0.733",0
5,"2.496,1.782,1.089,-0.048,-0.67",0
5,"2.651,2.071,1.633,0.953,0.484",0
5,"5.351,4.235,3.182,1.943,0.736",0
5,"8.176,6.921,5.718,4.166,3.035",0
5,"5.368,4.002,2.715,1.882,0.341",0
5,"1.724,1.048,-0.044,-1.091,-1.922",0
5,"1.916,0.94,-0.571,-2.095,-3.262",0
5,"2.011,0.826,-0.448,-1.358,-2.497",0
5,"6.606,5.533,4.756,3.503,2.457",0
5,"2.686,1.769,1.149,0.316,-0.497",0
5,"9.589,8.273,7.108,5.704,4.117",0
5,"9.114,8.389,7.151,6.28,5.023",0
5,"5.298,4.865,3.948,3.437,2.35",0
5,"2.291,1.415,0.298,-0.612,-1.384",0
5,"3.205,2.19,1.145,-0.623,-1.554",0
5,"4.195,2.62,1.294,-0.172,-1.403",0
5,"2.296,0.89,-0.397,-1.569,-2.986",0
5,"7.117,5.915,5.121,3.856,2.589",0
5,"5.013,4.366,3.813,2.809,1.926",0
5,"4.49,3.527,2.146,1.496,0.332",0
5,"6.518,5.574,4.551,3.411,2.319",0
5,"3.247,1.921,0.82,-0.445,-1.584",0
5,"1.919,0.609,-0.844,-2.11,-3.334",0
5,"3.194,2.044,0.681,-0.322,-1.942",0
5,"2.448,0.959,0.042,-1.493,-3.008",0
5,"2.747,1.313,0.224,-0.77,-1.893",0
5,"7.399,6.995,6.262,5.647,4.678",0
5,"9.261,7.965,6.567,5.297,3.453",0
5,"1.722,0.506,-0.426,-0.889,-1.837",0
5,"4.067,3.521,2.384,1.351,0.692",0
5,"5.444,4.532,3.752,3.006,1.979",0
5,"1.078,2.115,3.831,4.617,5.774",1
5,"2.886,4.201,5.603,7.078,8.4",1
5,"6.045,6.875,6.817,7.944,8.533",1
5,"2.086,2.868,3.644,4.276,5.388",1
5,"1.369,2.075,2.649,3.028,3.774",1
5,"6.948,7.577,8.295,9.196,9.894",1
5,"8.31,9.462,10.355,11.117,12.11",1
5,"4.605,6.107,7.736,8.865,10.152",1
5,"6.121,7.344,7.536,8.871,9.417",1
5,"7.858,8.507,9.318,9.81,10.455",1
5,"4.873,5.093,5.67,6.506,6.942",1
5,"9.832,10.804,11.794,12.966,13.816",1
5,"3.621,4.592,5.613,6.776,7.933",1
5,"2.73,3.717,5.215,6.728,8.24",1
5,"2.525,3.621,4.881,6.0,7.31",1
5,"7.269,8.126,9.461,9.937,10.688",1
5,"7.507,8.326,9.407,9.724,10.625",1
5,"1.854,2.529,3.375,3.591,4.532",1
5,"3.312,4.683,5.949,6.939,8.385",1
5,"9.219,9.881,10.623,11.193,11.603",1
5,"8.94,10.251,11.446,12.622,13.775",1
5,"2.742,4.543,5.997,7.495,8.75",1
5,"9.077,9.931,10.301,10.943,11.379",1
5,"3.876,5.215,6.46,7.793,9.141",1
5,"1.881,2.755,4.057,5.215,6.695",1
5,"3.898,5.035,6.254,7.259,8.532",1
5,"9.374,10.962,12.394,13.294,14.58",1
5,"5.01,5.967,7.225,8.303,9.605",1
5,"3.662,4.436,5.367,5.718,6.749",1
5,"9.47,10.302,11.495,12.43,13.446",1
5,"6.374,7.403,8.402,9.424,10.425",1
5,"1.699,3.203,4.373,5.803,7.468",1
5,"8.373,8.84,10.024,10.785,11.148",1
5,"8.941,10.497,11.96,13.464,15.123",1
5,"1.576,2.582,3.595,4.777,5.339",1
5,"8.694,10.035,10.572,11.573,12.798",1
5,"7.19,8.114,9.322,10.466,11.488",1
5,"7.353,8.665,9.735,10.793,12.02",1
5,"4.071,5.201,6.507,7.938,9.019",1
5,"6.693,7.543,8.53,8.92,9.758",1
5,"7.835,8.932,10.023,11.001,11.947",1
5,"3.738,4.937,6.02,7.512,8.313",1
5,"1.328,2.84,4.39,5.516,6.815",1
5,"3.745,4.743,6.127,8.02,9.376",1
5,"7.28,7.879,8.493,9.536,10.224",1
5,"4.763,5.687,6.951,8.186,9.368",1
5,"8.859,9.993,10.494,11.404,12.018",1
5,"8.007,9.379,10.827,12.002,13.424",1
5,"8.067,9.42,10.126,10.899,12.114",1
5,"3.319,4.652,5.733,7.246,8.248",1
5,"6.518,7.256,7.838,8.768,9.566",1
5,"6.39,7.733,8.972,10.202,11.067",1
5,"1.641,2.599,3.762,4.439,5.108",1
5,"2.593,3.322,3.855,4.33,4.829",1
5,"7.516,8.848,10.281,11.414,13.063",1
5,"5.101,6.475,7.388,8.404,9.573",1
5,"8.924,9.479,10.281,11.325,11.982",1
5,"3.122,4.558,6.067,7.637,8.888",1
5,"1.611,1.93,2.771,3.339,3.7",1
5,"4.35,5.018,6.013,6.979,7.529",1
5,"5.354,6.886,8.225,9.264,11.095",1
5,"7.805,8.304,8.9,9.41,10.024",1
5,"9.739,10.599,11.186,11.73,12.582",1
5,"3.806,5.272,6.251,7.318,8.779",1
5,"7.954,8.664,9.235,9.661,10.634",1
5,"4.804,5.852,6.503,7.072,7.82",1
5,"1.282,2.878,3.86,5.104,6.43",1
5,"2.888,3.454,4.071,4.797,5.308",1
5,"1.464,1.964,2.61,2.921,3.98",1
5,"5.145,6.422,7.103,8.306,8.999",1
5,"2.723,4.277,5.135,6.37,7.641",1
5,"9.576,11.045,11.859,13.081,14.392",1
5,"1.439,2.882,4.231,5.395,7.242",1
5,"1.787,3.108,4.324,5.481,6.654",1
5,"6.067,7.486,8.758,9.634,11.147",1
5,"8.285,9.093,10.07,10.961,11.925",1
5,"4.16,4.661,5.505,6.198,7.291",1
5,"2.847,3.865,4.343,4.662,5.676",1
5,"4.043,6.125,6.936,8.261,10.025",1
5,"6.837,7.825,9.129,10.38,11.573",1
5,"3.078,4.576,5.791,7.458,8.751",1
5,"8.062,9.404,10.07,11.196,12.525",1
5,"4.804,5.199,5.982,6.387,7.119",1
5,"6.154,6.859,7.702,8.409,9.337",1
5,"1.409,2.605,3.664,4.796,5.818",1
5,"6.399,7.223,8.217,9.124,10.277",1
5,"8.303,9.369,10.126,11.497,11.92",1
5,"7.678,8.967,10.338,11.727,13.061",1
5,"6.38,7.305,8.544,9.991,10.53",1
5,"5.1,6.157,7.533,8.45,9.694",1
5,"1.684,3.013,4.462,5.77,7.353",1
5,"1.493,2.944,3.976,5.559,6.935",1
5,"5.981,6.44,7.696,8.332,8.988",1
5,"6.052,7.599,8.838,10.459,11.679",1
5,"1.76,3.006,3.935,4.813,5.508",1
5,"9.885,11.541,12.808,14.561,15.699",1
5,"1.822,3.035,4.419,5.711,6.705",1
5,"1.589,2.95,4.739,5.934,7.214",1
5,"6.404,7.547,8.449,9.438,10.606",1
5,"8.769,10.018,11.573,12.704,13.923",1
10,"2.566,1.365,0.335,-0.952,-2.222,-3.29,-4.399,-5.719,-6.996,-8.39",0
10,"4.497,3.914,3.304,2.728,1.992,1.429,0.719,-0.233,-0.724,-1.251",0
10,"6.997,6.234,5.303,4.843,3.926,3.137,2.379,1.71,0.981,0.349",0
10,"5.65,4.267,2.734,0.872,-0.785,-1.759,-3.6,-4.926,-6.564,-8.156",0
10,"8.361,6.826,5.899,4.806,3.292,2.307,1.044,-0.101,-1.403,-2.801",0
10,"5.085,3.605,2.334,0.924,-0.314,-1.376,-3.183,-4.563,-5.445,-7.041",0
10,"8.928,7.729,6.027,4.937,3.309,1.679,0.62,-1.249,-2.503,-4.024",0
10,"6.735,5.503,4.571,3.287,2.576,1.181,-0.008,-1.04,-2.384,-3.441",0
10,"3.99,2.953,1.776,0.431,-0.802,-2.339,-3.714,-4.55,-6.098,-7.362",0
10,"6.603,5.585,3.889,2.85,1.445,0.202,-0.883,-2.311,-3.581,-4.776",0
10,"1.996,1.02,0.785,-0.527,-1.233,-2.08,-2.831,-3.593,-4.424,-5.479",0
10,"8.727,7.448,6.022,4.954,3.44,2.13,0.773,-0.497,-1.993,-3.561",0
10,"9.922,8.327,6.908,5.638,4.298,2.678,1.284,0.056,-1.601,-2.684",0
10,"3.791,2.67,1.741,0.584,-0.603,-1.831,-2.744,-3.905,-4.929,-5.819",0
10,"5.816,4.829,3.709,2.205,1.043,-0.167,-1.52,-2.538,-3.887,-5.039",0
10,"4.051,3.238,2.904,1.936,1.381,0.838,-0.164,-0.864,-1.478,-1.708",0
10,"8.065,7.939,6.877,6.396,6.007,5.484,4.899,4.178,3.557,2.9",0
10,"3.306,2.103,0.753,-0.615,-1.767,-3.054,-4.509,-5.625,-7.343,-8.526",0
10,"3.941,3.001,2.313,1.246,0.064,-0.438,-1.467,-2.497,-3.552,-4.596",0
10,"8.841,7.906,6.717,5.739,5.044,3.874,3.304,2.349,1.418,0.365",0
10,"8.932,7.433,5.995,4.398,3.483,2.411,1.052,-0.608,-1.971,-3.153",0
10,"6.607,6.041,5.206,4.555,3.819,3.191,2.646,2.1,1.546,0.653",0
10,"5.044,3.659,2.131,1.35,0.051,-1.378,-2.603,-3.812,-5.4,-6.522",0
10,"7.697,5.908,4.659,2.93,1.722,0.166,-1.553,-2.617,-4.383,-5.876",0
10,"8.503,7.604,6.597,5.576,4.437,3.294,2.164,1.24,0.005,-1.334",0
10,"2.557,1.182,-0.754,-1.997,-3.198,-4.428,-6.179,-7.737,-9.101,-10.313",0
10,"1.371,0.061,-1.177,-2.534,-3.659,-4.72,-6.202,-7.574,-8.866,-10.343",0
10,"9.997,8.581,7.294,6.528,4.822,3.392,2.169,1.133,-0.294,-1.799",0
10,"3.865,2.453,0.931,-0.102,-1.577,-2.752,-4.1,-5.593,-6.855,-7.897",0
10,"8.664,7.248,5.759,4.56,3.399,1.524,0.281,-0.917,-2.546,-3.873",0
10,"9.698,8.753,7.493,6.501,5.363,4.406,2.936,1.73,0.543,-0.707",0
10,"2.712,1.526,-0.181,-1.217,-2.548,-4.122,-5.781,-6.912,-7.984,-9.54",0
10,"4.143,3.425,2.634,1.941,1.263,0.51,0.217,-0.748,-1.191,-1.819",0
10,"4.232,2.826,1.353,0.196,-1.371,-2.358,-3.947,-5.189,-6.518,-7.94",0
10,"3.175,1.506,0.389,-0.676,-2.454,-3.742,-4.901,-6.288,-7.599,-8.915",0
10,"8.157,6.895,5.867,4.886,3.416,2.125,1.272,-0.077,-1.55,-2.262",0
10,"9.711,9.167,8.62,7.988,7.455,6.672,6.204,5.477,5.016,4.387",0
10,"1.022,-0.138,-1.844,-3.105,-4.634,-5.876,-7.648,-9.13,-10.543,-12.049",0
10,"3.553,2.453,1.657,0.673,-0.698,-1.806,-2.868,-3.803,-5.215,-6.138",0
10,"1.991,0.51,-0.946,-2.234,-4.199,-5.102,-6.711,-8.297,-9.356,-10.636",0
10,"9.275,8.287,7.392,6.314,5.271,4.076,3.336,2.303,1.811,0.516",0
10,"9.561,8.708,7.26,6.282,5.041,3.854,2.859,1.845,0.685,-0.455",0
10,"9.533,8.9,7.855,7.364,6.431,5.368,4.709,3.812,3.141,2.463",0
10,"5.59,4.921,4.059,3.121,2.392,1.527,1.014,0.063,-0.449,-1.536",0
10,"9.829,9.077,8.402,7.803,7.449,6.854,5.909,5.649,4.811,4.274",0
10,"3.56,2.893,2.159,1.506,0.758,0.413,-0.07,-0.746,-1.177,-1.706",0
10,"1.747,0.933,-0.151,-0.631,-1.712,-2.549,-3.301,-4.227,-4.974,-5.928",0
10,"7.344,6.911,6.27,5.623,5.014,4.131,3.71,3.186,2.575,1.777",0
10,"4.234,2.923,1.533,0.667,-1.007,-1.919,-3.136,-4.616,-5.536,-7.012",0
10,"8.382,7.166,5.806,4.067,3.167,1.365,0.411,-0.932,-2.622,-3.878",0
10,"4.829,4.349,3.786,3.156,2.22,1.63,0.767,0.256,-0.121,-0.666",0
10,"4.277,3.605,2.724,2.191,1.339,0.69,0.056,-0.743,-1.527,-2.196",0
10,"1.24,0.63,-0.413,-1.43,-2.169,-3.211,-3.873,-4.882,-5.841,-6.646",0
10,"4.291,3.651,3.049,2.283,1.204,0.343,-0.843,-1.495,-2.372,-3.187",0
10,"1.222,0.789,-0.327,-0.973,-1.54,-2.831,-3.915,-4.421,-5.056,-5.769",0
10,"6.516,5.869,5.58,4.257,3.819,3.15,2.541,1.691,1.022,0.215",0
10,"2.217,0.774,-0.408,-1.764,-2.885,-4.355,-5.908,-6.747,-8.366,-9.623",0
10,"7.536,7.44,6.242,5.23,4.302,3.466,2.615,1.747,0.847,-0.109",0
10,"2.775,2.365,1.675,0.535,0.466,-0.213,-0.854,-1.519,-1.901,-2.537",0
10,"7.087,6.391,5.87,5.459,4.838,4.138,3.535,2.869,2.061,1.588",0
10,"7.959,6.618,5.296,4.135,2.701,1.304,0.143,-1.213,-2.472,-3.661",0
10,"3.855,3.56,2.918,2.184,1.794,1.225,0.232,-0.252,-0.864,-1.501",0
10,"8.356,6.773,5.333,3.643,2.61,0.899,-0.335,-1.732,-2.998,-4.828",0
10,"1.653,0.745,-0.401,-1.874,-3.417,-4.911,-6.105,-7.76,-8.932,-10.316",0
10,"6.031,4.876,3.928,2.647,1.788,0.81,-0.227,-1.146,-2.312,-3.041",0
10,"0.952,0.013,-0.897,-2.162,-3.142,-4.1,-5.267,-6.2,-7.159,-7.968",0
10,"8.228,6.688,5.375,3.909,2.573,1.054,-0.617,-1.663,-2.821,-4.288",0
10,"1.184,0.558,-0.281,-0.932,-1.721,-2.343,-2.87,-3.449,-4.317,-5.031",0
10,"9.395,8.266,7.528,6.427,5.533,4.587,3.541,2.826,1.657,0.653",0
10,"3.064,1.739,0.694,-0.725,-1.955,-2.756,-3.98,-5.329,-6.481,-7.339",0
10,"6.668,6.004,4.964,4.209,3.141,2.303,1.439,0.387,-0.246,-1.33",0
10,"1.098,0.104,-1.01,-1.534,-2.022,-3.146,-4.145,-5.061,-5.897,-6.698",0
10,"7.205,6.394,5.54,4.665,3.951,3.127,2.174,1.329,0.618,0.023",0
10,"4.158,3.269,2.415,1.554,0.612,-0.002,-1.338,-2.094,-2.857,-3.959",0
10,"7.73,6.788,5.59,4.713,3.775,2.81,2.076,0.994,-0.23,-1.0",0
10,"8.537,7.012,5.907,4.704,3.721,2.69,1.632,0.337,-0.836,-1.901",0
10,"2.2,2.131,1.069,0.83,0.598,-0.212,-0.75,-1.283,-1.764,-2.039",0
10,"5.706,4.946,3.989,3.209,1.948,1.324,0.626,-0.815,-1.515,-2.575",0
10,"9.894,9.143,8.354,7.833,7.341,6.351,5.798,4.806,4.166,3.69",0
10,"6.039,4.814,3.355,2.362,1.132,-0.34,-1.614,-2.776,-4.153,-5.369",0
10,"5.274,4.068,3.115,1.814,0.581,-0.286,-1.434,-2.899,-4.251,-4.983",0
10,"7.792,7.471,6.404,5.945,5.086,4.19,3.521,2.934,2.096,1.417",0
10,"5.172,3.865,2.635,1.49,0.581,-0.333,-1.57,-2.404,-3.929,-4.793",0
10,"6.453,5.571,4.557,4.292,3.641,2.95,2.389,1.357,0.933,0.324",0
10,"2.098,1.036,-0.463,-1.776,-3.087,-4.588,-5.992,-7.262,-8.806,-10.181",0
10,"3.176,2.4,2.171,1.639,0.809,0.465,0.244,-0.584,-1.008,-1.37",0
10,"4.249,3.15,1.795,0.279,-1.256,-2.792,-4.198,-5.397,-6.814,-8.069",0
10,"9.668,8.802,8.643,7.793,7.343,6.895,6.615,6.24,5.322,4.661",0
10,"8.399,7.52,6.088,4.931,3.759,2.525,1.39,-0.025,-1.214,-2.492",0
10,"4.086,2.659,1.132,-0.164,-1.894,-3.272,-5.014,-6.387,-7.703,-9.159",0
10,"4.232,3.88,3.542,2.97,2.434,1.841,1.309,0.684,0.362,-0.204",0
10,"2.29,1.478,-0.059,-1.416,-2.483,-3.946,-5.028,-6.394,-7.684,-9.292",0
10,"6.09,4.834,3.214,2.209,0.66,-0.721,-2.08,-3.017,-4.611,-5.62",0
10,"1.535,0.075,-1.12,-2.051,-3.543,-4.886,-6.063,-7.296,-8.487,-9.721",0
10,"2.729,1.912,0.81,-0.108,-0.831,-1.808,-2.714,-3.751,-4.59,-5.613",0
10,"7.364,6.297,5.007,3.93,2.81,1.401,0.275,-0.942,-1.964,-3.19",0
10,"6.351,5.815,5.53,4.903,3.93,3.672,3.093,2.222,1.94,1.471",0
10,"3.969,3.086,2.357,1.554,0.79,-0.238,-0.653,-1.406,-2.387,-3.13",0
10,"6.332,5.484,4.909,3.937,3.319,2.328,1.724,0.948,0.255,-0.587",0
10,"9.165,8.056,7.625,6.636,5.301,4.664,3.551,2.732,1.803,0.79",0
10,"7.531,8.059,8.539,9.065,9.693,10.11,10.833,11.468,11.671,12.308",1
10,"9.638,10.973,12.252,13.69,14.99,16.07,17.725,19.066,20.157,21.616",1
10,"4.501,6.115,7.064,8.395,10.069,11.552,12.83,14.503,15.505,17.231",1
10,"7.648,8.162,9.122,10.261,11.001,11.98,12.919,13.554,14.768,15.594",1
10,"9.27,10.166,10.366,11.282,11.724,12.329,13.095,13.633,14.273,14.938",1
10,"1.831,2.659,4.015,4.548,4.948,5.741,6.801,7.6,8.39,9.058",1
10,"9.588,10.069,11.194,11.928,12.909,14.157,14.591,15.316,16.328,17.088",1
10,"9.037,9.808,11.297,12.335,13.806,14.833,16.156,17.423,18.862,20.102",1
10,"5.528,6.107,6.925,7.572,8.644,9.006,9.396,10.179,11.079,11.9",1
10,"5.023,5.729,6.47,7.609,8.062,9.387,10.365,11.383,12.021,13.115",1
10,"6.316,7.007,7.536,8.4,9.048,9.502,10.16,10.554,11.343,11.998",1
10,"8.528,8.537,9.493,9.991,10.453,11.244,11.605,12.177,12.679,13.44",1
10,"3.805,5.264,6.466,7.868,9.355,10.392,11.746,13.052,14.462,15.29",1
10,"9.622,10.311,11.026,11.339,11.697,12.638,13.017,13.5,14.151,14.784",1
10,"4.461,5.482,6.352,7.048,8.153,9.146,10.201,11.176,11.93,13.017",1
10,"8.004,9.101,10.079,11.361,12.295,13.188,14.611,15.589,16.502,17.58",1
10,"9.043,10.31,11.769,12.924,14.042,15.405,16.359,17.823,19.285,20.231",1
10,"3.275,4.023,4.787,5.334,6.25,7.085,7.516,8.582,9.133,9.913",1
10,"8.002,9.072,9.736,10.565,11.078,11.892,12.887,13.428,14.411,14.909",1
10,"3.465,4.638,5.601,6.955,8.069,9.111,10.202,11.221,12.73,13.605",1
10,"1.453,2.472,3.635,4.961,6.068,7.232,8.422,9.288,10.799,11.944",1
10,"8.57,10.183,11.712,13.195,14.763,16.425,17.87,19.009,20.797,22.4",1
10,"7.919,8.563,9.24,9.631,10.054,10.712,11.116,11.637,12.12,12.946",1
10,"7.442,8.046,9.2,9.719,11.017,11.946,12.613,13.61,14.774,15.294",1
10,"7.392,7.971,8.996,9.918,10.479,11.391,12.521,13.462,14.167,14.824",1
10,"5.046,6.316,7.665,8.728,9.83,11.005,12.11,13.355,14.059,15.562",1
10,"2.441,3.425,4.792,5.837,6.604,7.724,8.808,9.824,10.993,11.923",1
10,"8.759,10.405,11.789,12.957,14.595,15.749,17.264,18.732,19.987,21.443",1
10,"8.549,9.159,9.72,10.202,10.85,11.206,11.927,12.521,13.087,13.652",1
10,"9.748,11.089,12.407,13.438,14.614,15.898,17.24,18.52,19.717,20.897",1
10,"7.155,7.545,8.129,8.615,9.311,9.752,10.527,10.736,11.513,12.174",1
10,"6.279,7.081,8.223,8.976,10.236,11.129,12.397,13.182,14.253,15.181",1
10,"5.401,6.473,7.648,8.856,10.085,10.962,12.434,13.828,14.919,15.94",1
10,"7.862,8.658,9.803,10.598,11.389,12.499,13.865,14.582,15.579,16.563",1
10,"9.849,10.482,11.247,11.566,12.309,12.713,13.837,14.116,14.999,15.478",1
10,"2.576,3.365,4.142,5.128,5.616,6.594,7.522,8.041,8.789,9.641",1
10,"5.931,7.429,8.536,10.149,11.453,12.69,13.956,15.294,16.852,18.301",1
10,"7.439,8.317,9.052,9.572,10.22,10.912,11.709,12.289,12.633,13.303",1
10,"7.433,8.425,9.075,10.017,10.405,11.175,11.793,12.107,13.196,13.768",1
10,"5.276,6.849,7.548,8.636,9.587,10.531,11.511,12.647,13.371,14.713",1
10,"2.494,3.63,4.241,5.254,5.971,7.074,7.943,8.997,9.573,10.58",1
10,"1.61,2.309,2.526,3.265,3.643,4.182,4.724,5.267,5.731,6.3",1
10,"6.634,7.613,8.727,10.182,11.349,12.617,13.484,14.718,15.685,17.051",1
10,"4.187,5.396,6.808,7.922,9.442,10.315,12.07,13.188,14.948,16.218",1
10,"7.642,9.125,10.08,10.983,12.267,13.008,14.128,15.239,16.329,17.327",1
10,"4.922,6.115,7.258,8.903,9.907,11.514,12.65,14.484,15.654,16.864",1
10,"4.177,5.359,6.601,7.985,9.137,10.304,11.245,12.583,13.941,15.207",1
10,"6.419,7.246,8.13,9.052,9.905,11.023,12.014,12.753,13.954,14.844",1
10,"8.082,9.723,11.274,13.103,14.386,15.586,17.343,18.522,20.4,21.65",1
10,"8.193,9.154,10.253,11.474,12.068,12.848,14.183,15.31,16.385,17.113",1
10,"8.132,9.239,10.21,11.134,11.875,12.841,13.347,14.506,15.558,16.227",1
10,"9.689,10.828,11.72,12.896,14.081,15.075,16.026,17.209,18.345,18.993",1
10,"4.693,6.142,7.09,8.523,9.92,11.18,12.891,13.836,15.215,16.662",1
10,"4.605,5.189,5.907,6.523,7.057,8.014,8.911,9.333,10.045,10.797",1
10,"6.699,7.816,8.365,9.651,10.398,11.267,12.123,12.954,14.074,14.818",1
10,"4.854,5.807,6.631,7.702,8.105,9.298,9.883,11.149,11.9,12.856",1
10,"7.712,8.489,9.228,10.18,10.833,11.913,12.878,13.637,14.212,15.222",1
10,"9.253,10.214,10.877,11.21,11.997,12.81,13.489,14.034,14.955,15.615",1
10,"1.914,2.899,3.471,4.345,5.403,6.169,7.095,8.12,8.616,9.993",1
10,"1.244,2.335,3.165,4.732,5.597,6.741,7.9,8.687,9.995,10.967",1
10,"4.358,5.332,6.537,7.593,8.466,9.515,10.655,11.587,12.898,13.766",1
10,"1.316,2.407,3.018,3.64,4.411,5.324,6.218,6.777,7.35,8.22",1
10,"2.17,2.849,3.821,4.671,5.401,6.122,6.81,7.812,8.291,9.373",1
10,"8.824,10.258,11.546,13.087,14.704,16.031,17.496,18.823,19.975,21.486",1
10,"7.462,8.636,9.496,10.497,11.022,12.051,13.147,13.572,14.295,15.104",1
10,"3.917,5.102,6.129,7.229,8.263,9.486,10.215,11.321,12.371,13.675",1
10,"8.925,9.461,10.173,10.422,11.452,12.033,12.517,13.277,13.364,14.137",1
10,"7.76,8.757,9.575,10.2,10.865,11.4,12.148,13.189,13.844,14.448",1
10,"3.827,5.24,5.726,6.912,8.0,8.626,9.807,10.886,11.712,13.106",1
10,"1.374,2.373,2.778,3.51,4.05,4.464,5.198,5.475,6.434,6.978",1
10,"8.185,9.328,10.35,11.552,13.013,14.227,15.152,16.371,17.405,18.893",1
10,"6.854,7.985,9.133,10.252,11.179,12.137,13.457,14.49,15.301,16.698",1
10,"3.466,3.823,4.328,4.912,5.213,5.859,6.045,7.012,7.159,8.132",1
10,"3.069,3.714,4.565,4.574,5.734,6.188,6.551,7.166,8.174,8.376",1
10,"7.191,7.814,8.803,9.432,10.566,11.375,12.111,12.901,13.926,14.477",1
10,"6.885,7.107,7.892,8.695,9.311,9.858,10.861,11.727,12.095,12.617",1
10,"6.065,6.704,7.366,8.012,8.67,9.693,10.439,10.803,12.008,12.589",1
10,"4.079,5.402,6.641,7.976,8.953,9.952,10.975,12.455,13.266,14.796",1
10,"7.908,8.74,9.637,10.618,11.687,12.589,13.442,14.461,15.452,16.075",1
10,"2.284,3.362,4.504,5.728,6.983,8.541,9.327,10.591,11.782,12.9",1
10,"2.581,3.611,4.065,5.142,6.231,7.105,8.303,9.096,10.507,11.338",1
10,"9.013,9.84,10.879,12.09,13.284,14.253,15.073,16.266,17.452,18.529",1
10,"4.971,6.214,7.427,8.121,9.351,10.459,11.498,12.55,13.726,14.376",1
10,"6.192,7.969,8.996,10.473,12.268,13.281,14.759,16.255,17.839,19.18",1
10,"4.358,5.154,5.945,6.661,7.048,8.19,8.785,9.671,10.246,11.061",1
10,"8.138,9.144,10.598,11.489,12.54,13.361,14.458,15.793,16.87,17.855",1
10,"7.978,8.725,9.903,10.823,11.909,12.928,13.942,14.849,16.041,17.0",1
10,"5.769,6.532,7.575,8.38,9.793,10.806,11.529,12.642,13.498,14.255",1
10,"6.742,7.323,7.888,8.435,9.0,9.379,9.976,10.437,11.322,11.405",1
10,"1.864,2.403,2.654,2.813,3.653,4.202,4.564,5.143,5.954,6.328",1
10,"3.789,4.699,5.699,6.437,7.488,8.594,9.319,10.083,10.956,11.823",1
10,"4.156,5.44,6.639,7.791,9.328,10.552,11.919,13.046,14.592,15.56",1
10,"4.845,5.93,6.817,8.079,9.285,9.839,11.326,11.955,13.262,14.73",1
10,"2.11,2.68,3.485,4.483,4.557,5.333,6.374,7.087,7.451,7.94",1
10,"6.083,6.93,8.114,9.168,10.312,11.55,12.535,13.312,14.75,15.661",1
10,"7.448,8.72,9.756,10.71,12.108,13.542,14.0,15.381,16.592,17.625",1
10,"2.605,3.428,4.184,5.664,6.6,7.436,8.434,9.532,10.377,11.45",1
10,"8.34,9.25,9.96,11.124,11.885,12.844,13.747,14.639,16.048,16.858",1
10,"4.849,5.76,6.965,8.047,9.486,10.356,11.691,12.737,14.107,14.655",1
10,"6.821,8.297,9.376,10.47,11.56,12.755,14.349,15.221,16.517,17.46",1
20,"7.638,6.965,6.22,5.419,4.563,3.836,3.068,2.262,1.191,0.484,-0.107,-0.964,-2.117,-2.671,-3.833,-4.342,-4.877,-6.116,-6.912,-7.485",0
20,"4.737,3.784,3.074,2.452,1.635,0.842,-0.018,-0.681,-1.524,-2.206,-3.118,-3.84,-4.731,-5.356,-6.242,-7.057,-7.62,-8.396,-9.08,-10.031",0
20,"8.782,7.327,6.208,4.976,3.658,2.079,1.151,0.194,-1.456,-2.776,-3.875,-5.149,-6.282,-7.914,-8.88,-10.166,-11.541,-12.733,-13.894,-15.182",0
20,"7.09,6.358,5.606,4.82,4.269,3.325,2.418,1.774,1.108,0.513,-0.333,-1.304,-1.555,-2.641,-3.242,-4.208,-4.858,-5.564,-6.259,-7.036",0
20,"4.181,2.937,1.648,0.096,-1.09,-2.412,-4.146,-5.514,-6.788,-8.101,-9.605,-10.702,-12.221,-13.658,-15.258,-16.62,-17.759,-19.501,-20.408,-21.963",0
20,"5.522,4.526,3.684,2.782,1.273,0.243,-0.59,-1.417,-2.438,-3.36,-4.708,-5.883,-6.415,-7.675,-8.862,-9.545,-10.455,-11.601,-12.659,-13.622",0
20,"2.731,1.998,1.049,0.107,-0.986,-1.783,-3.001,-3.566,-4.297,-5.651,-6.437,-7.218,-7.998,-9.172,-10.127,-11.238,-11.845,-12.473,-13.657,-14.62",0
20,"5.227,3.986,2.409,0.891,-0.745,-1.89,-3.473,-5.142,-6.396,-8.108,-9.637,-11.121,-12.759,-13.91,-15.742,-17.139,-18.753,-19.941,-21.438,-22.951",0
20,"3.752,2.78,2.089,1.089,0.428,-0.224,-1.152,-2.122,-2.842,-3.737,-4.52,-5.391,-6.187,-6.951,-7.952,-8.776,-9.652,-10.504,-11.267,-11.881",0
20,"7.226,6.258,5.984,5.34,4.402,3.946,3.087,2.563,1.691,0.944,0.488,-0.141,-0.849,-1.635,-2.185,-2.752,-3.467,-4.1,-4.895,-5.287",0
20,"6.826,6.029,5.235,4.494,4.036,2.975,2.351,1.745,1.299,0.478,-0.416,-1.01,-1.747,-2.454,-2.892,-3.937,-4.182,-4.991,-5.644,-6.569",0
20,"2.758,1.942,1.093,-0.236,-1.094,-2.031,-3.187,-3.858,-5.024,-5.914,-6.921,-7.941,-8.793,-9.793,-10.786,-11.808,-12.62,-13.389,-14.585,-15.426",0
20,"5.646,4.894,4.309,3.903,3.172,2.37,1.408,0.913,0.293,-0.422,-1.42,-1.973,-2.544,-3.149,-4.255,-4.645,-5.295,-5.884,-6.603,-7.315",0
20,"4.018,3.293,2.418,1.382,0.406,-0.535,-1.609,-2.479,-3.143,-4.468,-5.018,-6.242,-6.929,-8.272,-8.907,-10.039,-11.075,-11.763,-12.578,-13.79",0
20,"5.33,4.71,4.054,3.186,2.758,1.797,0.995,0.089,-0.424,-1.151,-1.673,-2.464,-3.426,-3.939,-4.58,-5.168,-5.98,-6.715,-7.536,-8.203",0
20,"4.022,2.81,1.835,0.814,-0.609,-2.026,-2.878,-3.827,-5.032,-6.197,-7.452,-8.75,-9.63,-10.98,-11.676,-13.067,-14.388,-15.541,-16.612,-17.782",0
20,"5.928,4.963,3.329,2.079,0.515,-0.698,-2.063,-3.751,-4.523,-5.99,-7.601,-9.065,-10.205,-11.602,-12.92,-14.303,-15.613,-16.83,-18.32,-19.921",0
20,"7.083,5.339,4.442,2.991,2.284,1.016,0.284,-1.223,-2.463,-3.382,-4.711,-5.404,-6.929,-7.717,-9.136,-9.975,-10.783,-12.077,-13.364,-14.341",0
20,"9.547,8.823,7.31,6.604,5.607,4.757,3.647,2.415,1.46,0.62,-0.44,-1.533,-2.536,-3.378,-4.578,-5.531,-6.211,-7.768,-8.85,-9.473",0
20,"3.723,3.194,2.866,2.14,1.543,0.594,0.027,-0.832,-1.135,-1.476,-2.149,-2.866,-3.443,-4.15,-4.622,-5.145,-6.109,-6.428,-6.94,-7.748",0
20,"6.017,5.077,3.893,3.016,2.043,0.988,-0.208,-1.039,-1.866,-3.032,-3.97,-5.165,-6.031,-7.117,-8.316,-9.14,-10.352,-11.313,-12.204,-13.203",0
20,"7.173,6.181,5.255,4.663,3.817,3.1,2.227,1.18,0.622,-0.167,-0.827,-1.828,-2.272,-3.612,-3.929,-4.961,-5.599,-6.517,-7.159,-8.189",0
20,"2.038,0.981,-0.685,-2.07,-3.353,-5.129,-6.32,-7.933,-9.3,-10.704,-12.376,-13.703,-14.819,-16.324,-17.902,-19.291,-20.807,-21.995,-23.664,-25.034",0
20,"9.701,8.694,8.325,7.143,6.899,5.879,5.18,4.214,3.711,2.904,2.25,1.602,1.048,0.216,-0.487,-1.417,-2.103,-2.42,-3.519,-3.879",0
20,"5.702,5.225,4.51,3.961,3.504,3.056,2.631,1.991,1.576,1.221,0.525,0.008,-0.774,-1.448,-1.503,-2.083,-2.653,-3.047,-3.6,-3.929",0
20,"1.767,0.536,-0.402,-1.602,-2.678,-3.617,-4.678,-5.657,-6.819,-8.104,-8.943,-9.809,-11.022,-12.064,-12.929,-14.234,-15.408,-16.251,-17.349,-18.471",0
20,"9.458,8.662,8.045,6.879,6.129,5.168,4.274,3.47,2.643,1.926,1.381,0.079,-0.719,-1.509,-2.284,-3.147,-3.836,-5.236,-6.073,-6.633",0
20,"9.151,7.358,5.748,4.891,3.448,1.854,0.475,-0.916,-2.148,-3.653,-4.878,-6.775,-7.869,-9.303,-10.567,-12.003,-13.196,-14.989,-16.097,-17.414",0
20,"1.406,0.298,-0.339,-1.416,-2.262,-2.534,-3.419,-3.999,-5.139,-5.613,-6.168,-7.143,-7.922,-8.72,-9.715,-10.033,-11.086,-11.676,-12.744,-13.444",0
20,"5.104,3.593,2.046,1.175,-0.329,-1.418,-2.801,-4.318,-5.343,-6.32,-7.858,-9.222,-10.334,-11.745,-13.027,-14.504,-15.587,-16.749,-18.311,-19.254",0
20,"1.982,0.831,0.03,-1.085,-2.009,-2.883,-3.872,-5.173,-5.999,-6.65,-7.767,-8.783,-9.867,-10.783,-11.882,-12.552,-13.584,-14.597,-15.42,-16.313",0
20,"5.176,4.072,2.732,1.803,0.628,-0.352,-1.23,-2.443,-3.534,-4.751,-5.986,-6.871,-7.735,-9.222,-10.227,-11.127,-12.37,-13.418,-14.439,-15.657",0
20,"7.14,6.379,5.807,5.294,4.437,3.679,3.038,2.052,1.671,0.937,0.1,-0.405,-1.442,-1.821,-2.685,-3.476,-4.146,-4.877,-5.395,-6.457",0
20,"7.807,7.227,6.543,5.424,4.782,3.703,3.185,2.297,1.534,0.563,-0.394,-0.873,-2.062,-2.605,-3.22,-4.136,-4.677,-5.62,-6.676,-7.377",0
20,"2.955,2.02,0.806,0.127,-0.91,-2.115,-2.796,-3.741,-4.806,-5.881,-6.736,-7.714,-8.762,-9.924,-10.751,-11.605,-12.866,-13.454,-14.839,-15.747",0
20,"6.489,6.087,5.424,5.027,4.574,3.94,2.906,2.987,2.143,1.401,0.96,0.381,-0.327,-0.778,-1.481,-2.032,-2.655,-3.349,-3.694,-4.209",0
20,"8.563,7.225,6.22,4.68,3.538,2.318,1.415,0.184,-1.095,-2.218,-3.721,-4.747,-6.028,-7.093,-8.447,-9.698,-10.77,-11.93,-13.372,-14.491",0
20,"4.872,3.964,2.943,1.643,0.913,-0.336,-0.767,-2.104,-2.722,-3.737,-4.983,-5.987,-6.734,-7.882,-8.709,-9.766,-10.93,-11.966,-12.566,-13.654",0
20,"8.567,7.606,6.851,6.232,5.209,4.702,4.006,3.281,2.144,1.575,0.813,0.215,-0.472,-1.065,-2.108,-2.853,-3.351,-4.223,-4.822,-5.714",0
20,"3.708,3.19,2.42,1.669,0.669,-0.133,-1.244,-2.18,-2.729,-3.643,-4.539,-5.347,-6.206,-6.912,-7.76,-8.722,-9.526,-10.426,-11.422,-12.089",0
20,"6.585,5.993,5.009,4.405,3.502,2.454,1.942,0.978,0.383,-0.563,-1.318,-2.335,-3.094,-3.889,-4.506,-5.197,-6.383,-6.915,-8.216,-8.884",0
20,"9.713,8.862,8.035,7.542,6.656,5.952,5.207,4.351,3.617,2.716,1.756,1.301,0.261,-0.583,-1.261,-2.164,-2.882,-3.56,-4.351,-5.331",0
20,"2.701,2.338,1.654,1.293,0.561,-0.042,-1.019,-1.294,-2.014,-2.686,-3.176,-3.657,-4.322,-5.126,-5.481,-6.285,-6.755,-7.43,-8.015,-8.465",0
20,"6.403,5.656,4.871,3.973,2.94,2.016,1.156,0.13,-0.556,-1.57,-2.495,-3.701,-4.498,-5.461,-6.497,-7.222,-8.287,-9.038,-10.227,-10.739",0
20,"6.483,5.671,5.277,4.358,4.152,3.329,2.63,2.067,1.626,0.81,0.177,-0.351,-1.102,-1.259,-2.225,-2.623,-3.323,-4.11,-4.571,-5.06",0
20,"8.74,7.778,6.626,5.587,4.711,3.887,2.993,1.64,1.018,0.097,-0.914,-1.625,-2.701,-3.513,-4.688,-5.461,-6.302,-7.297,-8.603,-9.423",0
20,"1.79,1.399,0.912,0.166,-0.214,-1.044,-1.042,-1.852,-2.283,-2.854,-3.153,-4.267,-4.361,-4.891,-5.459,-5.649,-6.558,-6.826,-7.405,-7.785",0
20,"3.061,2.224,1.192,0.606,0.008,-0.661,-1.625,-2.697,-2.918,-3.917,-4.773,-5.632,-5.822,-6.661,-7.451,-7.946,-8.795,-9.385,-10.573,-11.106",0
20,"5.138,4.524,3.691,3.031,2.298,1.77,0.653,-0.186,-0.754,-1.657,-2.06,-3.071,-3.859,-4.591,-5.158,-6.036,-6.854,-7.254,-8.378,-8.99",0
20,"9.959,8.45,7.6,6.204,5.319,3.885,2.967,1.862,0.659,-0.599,-1.838,-3.056,-3.915,-5.407,-6.624,-7.535,-8.921,-10.11,-11.351,-12.373",0
20,"1.164,-0.166,-1.439,-2.882,-4.369,-5.75,-7.023,-8.288,-9.839,-11.308,-12.766,-14.213,-15.276,-16.669,-18.048,-19.533,-20.682,-22.345,-23.509,-25.037",0
20,"9.079,8.671,8.056,7.461,6.832,6.227,6.004,5.236,4.579,3.9,3.447,2.786,2.125,1.488,0.934,-0.117,-0.197,-0.89,-1.165,-1.988",0
20,"5.211,4.789,4.112,3.563,2.651,2.126,1.267,0.927,0.25,-0.402,-1.126,-1.713,-2.184,-3.117,-3.703,-4.536,-5.153,-5.657,-6.156,-7.009",0
20,"8.67,8.045,7.427,6.952,6.084,5.901,5.01,4.619,3.721,3.413,2.814,2.171,1.365,0.953,0.139,-0.321,-0.728,-1.362,-2.079,-2.826",0
20,"8.428,6.898,5.111,4.141,2.583,1.331,-0.45,-2.198,-3.116,-4.55,-6.284,-7.613,-8.489,-10.384,-11.665,-13.308,-14.961,-16.109,-17.559,-19.015",0
20,"9.521,8.549,8.006,6.836,6.016,5.629,4.789,3.899,2.893,2.191,1.453,0.448,-0.229,-0.825,-1.514,-2.596,-3.225,-4.43,-4.849,-5.874",0
20,"1.517,0.081,-1.037,-2.718,-3.846,-5.334,-6.668,-8.025,-9.477,-10.704,-12.064,-13.371,-14.747,-15.993,-17.327,-18.975,-20.04,-21.701,-22.787,-24.135",0
20,"5.517,4.674,4.19,3.089,2.266,1.599,0.89,-0.034,-0.638,-1.533,-2.74,-3.293,-4.098,-4.741,-6.007,-6.031,-7.134,-7.991,-8.636,-9.262",0
20,"1.584,1.032,0.347,-0.257,-0.87,-1.486,-2.028,-2.69,-3.062,-3.866,-4.148,-4.745,-5.28,-5.943,-5.966,-6.787,-7.74,-8.082,-8.771,-9.395",0
20,"6.239,5.777,5.07,4.417,3.373,2.862,2.176,1.3,0.545,0.192,-0.726,-1.374,-2.303,-3.073,-3.686,-4.329,-5.18,-5.732,-6.694,-7.319",0
20,"7.897,6.5,5.195,3.99,2.84,1.579,0.062,-1.34,-2.43,-3.897,-5.154,-6.181,-7.558,-8.962,-10.48,-11.56,-12.736,-14.255,-15.299,-16.611",0
20,"9.051,7.453,6.102,4.832,3.293,1.756,0.37,-0.921,-2.544,-3.766,-4.974,-6.861,-7.696,-9.152,-10.783,-12.027,-13.502,-14.712,-16.143,-17.894",0
20,"4.162,2.612,1.556,0.021,-1.674,-3.192,-4.478,-5.783,-7.241,-8.517,-10.015,-11.417,-12.941,-14.627,-15.877,-17.117,-18.712,-20.057,-21.608,-23.143",0
20,"9.467,8.71,7.785,7.274,6.242,5.685,4.876,3.815,2.856,1.875,1.147,0.342,-0.065,-1.074,-1.852,-3.064,-3.73,-4.237,-5.147,-6.031",0
20,"7.479,6.445,5.386,4.639,2.888,2.228,1.031,0.057,-1.204,-2.19,-3.153,-3.87,-5.293,-6.619,-7.632,-8.714,-9.993,-10.85,-11.768,-13.146",0
20,"6.749,5.513,4.449,2.995,1.562,0.201,-1.077,-2.49,-4.053,-4.756,-6.363,-7.651,-9.044,-10.47,-11.712,-13.249,-13.992,-15.843,-17.137,-18.373",0
20,"5.348,4.391,2.983,1.624,0.32,-0.758,-2.12,-3.881,-4.865,-6.381,-7.694,-9.353,-10.455,-11.881,-12.965,-14.259,-16.061,-17.083,-18.242,-19.768",0
20,"7.209,5.735,4.211,2.842,1.735,0.249,-1.158,-2.583,-3.947,-5.127,-6.717,-8.25,-9.32,-10.845,-12.192,-13.338,-14.964,-16.3,-17.903,-19.141",0
20,"9.62,8.028,7.025,5.743,4.467,3.349,1.977,0.882,-0.756,-1.853,-3.128,-4.568,-5.531,-6.592,-8.21,-9.399,-10.729,-12.115,-13.548,-14.648",0
20,"8.951,8.724,7.76,7.034,6.528,5.535,4.897,4.331,3.784,3.014,2.285,1.568,0.925,0.204,-0.672,-1.202,-2.061,-2.579,-3.355,-3.593",0
20,"6.597,5.882,5.563,5.151,4.814,3.965,3.306,3.155,2.316,1.947,1.464,0.982,0.586,-0.13,-0.579,-1.05,-1.535,-2.053,-2.512,-2.961",0
20,"1.53,0.256,-1.332,-2.37,-3.588,-4.834,-6.33,-7.608,-8.878,-9.994,-11.202,-12.701,-13.787,-15.188,-16.508,-17.803,-18.943,-20.289,-21.279,-23.031",0
20,"2.566,1.39,0.107,-0.781,-2.551,-3.998,-5.092,-6.749,-7.757,-9.046,-10.234,-11.512,-13.039,-14.291,-15.688,-17.047,-18.136,-19.679,-20.855,-22.247",0
20,"7.078,5.935,5.134,4.095,3.065,1.906,0.882,-0.093,-1.052,-2.561,-3.383,-4.356,-5.586,-6.249,-7.664,-8.635,-9.605,-10.838,-12.086,-12.933",0
20,"4.329,3.241,1.698,0.316,-0.939,-2.2,-3.313,-4.901,-6.205,-7.809,-9.242,-10.433,-11.781,-13.313,-14.532,-15.8,-17.16,-18.493,-19.879,-21.353",0
20,"3.065,1.928,1.021,0.044,-0.248,-1.72,-2.495,-3.239,-4.083,-4.901,-5.645,-6.711,-7.817,-8.568,-9.355,-9.962,-11.353,-11.834,-12.859,-13.631",0
20,"1.881,0.917,0.015,-1.083,-2.121,-3.214,-3.807,-4.816,-5.975,-6.86,-7.799,-8.902,-9.752,-10.749,-11.591,-12.589,-13.672,-14.075,-15.14,-16.395",0
20,"9.22,7.662,6.692,5.189,3.814,2.866,1.694,0.632,-1.193,-2.165,-3.588,-4.666,-6.26,-7.486,-8.67,-9.798,-11.163,-12.225,-13.427,-14.747",0
20,"5.874,5.021,3.484,2.471,1.329,-0.079,-1.613,-2.767,-3.672,-5.136,-6.34,-7.479,-8.729,-10.033,-11.347,-12.603,-13.669,-14.955,-16.318,-17.358",0
20,"1.69,0.719,-0.112,-0.824,-2.068,-2.857,-3.921,-4.799,-5.925,-6.669,-7.603,-8.43,-9.416,-10.567,-11.162,-12.231,-13.171,-14.14,-15.154,-15.981",0
20,"10.007,8.766,8.039,7.174,6.342,5.575,4.372,3.506,2.595,1.644,0.804,0.064,-1.117,-1.803,-3.03,-3.767,-4.64,-5.247,-6.448,-7.645",0
20,"5.62,4.769,3.921,3.255,2.184,1.583,0.388,-0.319,-1.27,-1.856,-2.638,-3.43,-4.254,-5.218,-5.923,-6.935,-7.322,-8.388,-9.232,-9.736",0
20,"3.839,3.177,2.435,1.665,1.123,-0.416,-0.804,-1.796,-2.616,-3.438,-4.298,-4.725,-5.668,-6.607,-7.225,-8.471,-9.26,-10.203,-10.798,-11.485",0
20,"3.056,1.632,-0.034,-1.133,-2.649,-4.007,-5.832,-6.933,-8.589,-9.902,-11.194,-12.692,-14.265,-15.568,-17.23,-18.259,-19.894,-21.127,-22.805,-24.236",0
20,"7.812,7.25,6.33,5.326,4.771,3.914,3.33,2.381,1.933,1.015,0.236,-0.404,-1.124,-2.037,-2.915,-3.831,-4.433,-5.189,-5.846,-6.679",0
20,"3.466,2.718,2.249,1.883,1.204,0.592,-0.042,-0.599,-1.184,-1.69,-2.048,-2.747,-3.468,-3.553,-4.322,-5.134,-5.541,-6.011,-6.324,-7.298",0
20,"7.188,6.103,4.851,3.838,2.725,1.691,0.617,-0.797,-2.118,-2.964,-4.055,-5.199,-6.424,-7.494,-8.424,-9.732,-10.984,-12.141,-13.229,-14.097",0
20,"4.949,4.679,4.301,3.567,3.005,2.491,1.621,1.583,0.984,0.521,-0.157,-0.615,-1.126,-1.418,-2.135,-2.273,-3.028,-3.791,-4.126,-4.712",0
20,"6.025,5.063,4.072,2.904,2.103,1.366,0.146,-1.013,-1.603,-2.526,-3.421,-4.268,-5.217,-6.21,-7.006,-8.349,-8.982,-9.899,-11.115,-12.091",0
20,"5.69,5.203,4.915,4.209,3.673,3.209,2.968,2.302,1.773,1.283,0.993,0.187,-0.004,-0.67,-1.225,-1.326,-2.36,-2.755,-3.387,-3.56",0
20,"6.456,5.156,4.044,2.761,2.23,0.909,-0.322,-1.136,-2.568,-3.448,-4.622,-5.587,-6.779,-8.074,-8.931,-9.872,-11.121,-12.087,-13.447,-14.381",0
20,"8.229,7.58,6.893,6.087,5.277,4.339,3.742,2.915,2.197,1.445,0.607,-0.286,-0.84,-1.458,-2.436,-2.978,-3.443,-4.321,-4.975,-5.91",0
20,"3.924,2.345,1.668,0.456,-1.123,-2.343,-3.683,-4.778,-5.932,-7.627,-8.569,-9.937,-11.144,-12.357,-13.719,-14.972,-16.253,-17.341,-18.689,-19.983",0
20,"4.807,3.987,3.389,2.864,2.063,1.23,0.448,-0.55,-0.883,-1.598,-2.182,-2.955,-3.671,-4.581,-5.147,-5.625,-6.131,-7.094,-7.721,-8.319",0
20,"6.91,6.525,5.792,5.187,4.399,3.996,3.576,2.486,1.96,1.42,0.877,0.048,-0.919,-0.916,-1.632,-2.634,-3.09,-3.39,-4.034,-4.737",0
20,"7.38,7.017,6.165,5.623,5.344,4.634,4.295,3.436,2.976,2.294,1.882,1.107,0.703,0.009,-0.223,-0.772,-1.691,-1.783,-2.161,-3.08",0
20,"5.841,5.056,4.093,3.282,2.147,1.032,-0.022,-0.917,-2.003,-2.831,-3.91,-5.036,-5.61,-6.859,-7.961,-8.782,-9.733,-10.992,-11.667,-12.86",0
20,"6.032,4.765,3.647,2.54,1.229,-0.014,-1.188,-2.502,-3.677,-5.153,-5.909,-7.225,-8.601,-9.415,-10.901,-12.284,-13.215,-14.499,-15.714,-17.051",0
20,"8.748,7.227,5.935,4.152,2.958,1.867,0.079,-1.31,-2.701,-4.231,-5.794,-6.912,-8.271,-9.714,-11.142,-12.528,-13.795,-15.392,-16.864,-18.234",0
20,"7.731,6.734,5.664,4.359,3.404,2.076,0.924,0.138,-1.08,-2.098,-3.237,-4.487,-5.453,-6.738,-7.45,-8.968,-9.9,-11.133,-11.997,-13.239",0
20,"1.287,2.907,4.197,5.684,6.873,8.223,9.864,11.214,12.769,14.077,15.533,16.673,18.613,19.719,21.262,22.446,24.031,25.203,26.88,28.173",1
20,"9.295,10.395,11.585,12.85,13.533,14.661,15.575,16.9,17.366,18.66,19.421,20.307,21.746,22.741,23.696,24.741,26.24,26.755,27.889,28.734",1
20,"9.909,11.274,12.694,14.475,15.824,17.114,18.193,19.931,21.836,22.842,24.488,25.984,27.247,28.533,29.74,31.654,32.875,34.469,35.701,37.294",1
20,"9.717,11.125,11.917,12.816,14.112,15.195,16.275,17.516,18.338,19.416,20.33,21.68,22.645,23.616,24.454,26.018,26.678,27.835,29.038,29.866",1
20,"4.926,5.683,7.15,7.509,8.466,9.466,10.534,11.374,12.483,13.191,14.077,14.962,15.844,17.047,18.026,18.923,20.151,21.096,21.808,22.536",1
20,"2.642,3.347,4.064,4.814,5.487,6.324,7.057,7.577,8.615,8.987,9.602,10.612,11.143,12.024,12.326,13.605,14.208,14.592,15.306,16.489",1
20,"2.687,3.731,4.507,5.405,5.845,6.584,7.637,8.478,8.848,10.003,10.603,11.519,12.101,12.491,13.603,14.542,15.006,15.839,16.628,16.977",1
20,"4.709,5.798,7.179,8.23,9.312,10.392,11.824,12.602,14.159,15.076,16.607,17.622,18.873,19.968,20.871,22.184,23.592,24.695,26.026,27.088",1
20,"3.583,3.959,5.297,5.851,6.708,7.026,8.189,9.076,9.283,10.336,10.959,11.467,12.512,13.302,13.826,14.83,15.145,15.91,16.893,17.616",1
20,"2.394,3.17,3.674,4.27,4.67,5.325,5.715,6.636,6.753,7.737,7.974,8.309,9.267,9.627,10.283,10.885,11.299,11.706,12.488,12.889",1
20,"9.382,9.511,10.456,10.849,11.747,12.148,12.646,13.238,13.57,14.519,15.129,15.444,16.179,16.411,16.931,17.612,18.227,18.657,19.352,19.873",1
20,"1.908,3.626,5.168,6.554,8.192,9.327,11.07,12.314,13.813,15.375,16.819,18.368,19.909,21.556,22.873,24.174,26.073,27.266,28.873,30.439",1
20,"8.821,9.686,11.208,11.976,12.991,14.223,15.182,16.27,17.65,18.301,19.36,20.491,21.7,22.38,23.377,24.649,25.558,26.805,28.01,28.867",1
20,"5.761,6.077,7.154,7.854,8.575,9.315,10.162,10.479,11.249,11.87,12.633,13.563,13.831,14.604,15.64,16.286,16.779,17.662,18.285,19.159",1
20,"9.342,10.063,11.009,12.137,13.002,14.443,15.139,16.099,17.043,18.36,19.354,20.177,21.366,22.081,23.363,24.431,25.647,26.303,27.254,28.34",1
20,"9.77,11.421,12.704,13.771,15.157,16.244,17.461,18.676,19.93,20.995,22.518,23.723,25.091,26.244,27.457,28.601,29.994,31.344,32.313,33.748",1
20,"1.042,2.21,3.539,4.972,6.078,7.61,8.734,10.338,11.839,12.669,14.189,15.31,16.885,17.849,19.421,20.528,21.938,23.125,24.713,25.774",1
20,"3.341,4.762,6.007,7.535,9.115,10.15,11.824,13.255,14.29,15.576,17.221,18.475,20.219,21.326,22.582,23.912,25.629,26.762,28.236,29.754",1
20,"5.097,5.733,6.25,6.659,7.232,7.698,8.063,8.854,9.63,9.744,10.292,10.808,11.578,12.068,12.507,12.924,13.607,13.889,14.676,15.316",1
20,"4.427,4.979,6.123,6.81,7.69,8.661,9.344,10.378,11.182,11.922,13.052,13.843,14.74,15.463,16.765,17.539,18.433,19.123,19.791,21.225",1
20,"1.668,2.745,3.531,4.691,5.626,6.267,7.292,8.502,8.916,10.265,11.037,12.145,13.137,14.092,15.028,15.911,17.384,18.285,18.795,20.172",1
20,"6.816,7.271,8.062,8.478,8.933,9.353,9.96,10.392,11.185,11.548,12.233,13.023,13.542,13.902,14.439,15.279,15.619,16.037,16.417,17.235",1
20,"3.466,4.671,6.001,6.958,8.601,10.083,11.146,12.552,13.734,15.204,16.421,17.616,19.26,20.502,21.575,23.044,24.353,25.672,26.624,28.333",1
20,"3.758,4.03,4.548,4.897,6.059,6.27,6.943,7.666,8.55,9.076,9.558,10.25,10.735,11.468,12.08,12.836,13.458,14.009,14.502,15.29",1
20,"2.1,3.142,4.234,5.039,5.853,7.012,7.989,8.968,10.046,11.03,11.756,12.721,13.626,14.856,15.937,16.64,17.62,18.845,19.669,20.627",1
20,"6.754,7.451,8.298,8.99,9.773,10.319,11.407,12.161,12.428,13.596,14.056,15.034,15.624,16.367,17.063,18.001,18.362,19.367,20.17,20.841",1
20,"5.403,6.361,7.679,8.611,9.672,11.043,11.892,12.871,14.123,15.411,16.645,17.571,18.869,19.586,20.841,21.982,23.125,24.273,25.482,26.429",1
20,"3.979,5.574,7.043,8.513,10.015,11.495,12.892,14.62,15.727,17.267,19.266,20.166,21.592,23.378,24.429,26.179,28.009,28.928,30.336,31.881",1
20,"7.518,8.883,10.175,11.42,12.301,13.179,14.587,15.832,17.043,18.239,19.621,20.83,21.799,23.176,24.25,25.392,26.705,27.765,29.249,29.91",1
20,"8.269,9.815,11.388,13.001,14.295,15.574,17.402,18.877,19.961,21.74,22.99,24.617,26.07,27.815,29.199,30.477,32.29,33.431,35.184,36.501",1
20,"3.495,4.126,4.628,5.251,5.538,6.097,6.485,7.079,7.618,8.037,8.282,9.102,9.607,9.951,10.36,11.275,11.627,12.019,12.383,12.931",1
20,"5.725,7.208,8.333,10.005,11.306,12.357,13.656,14.682,16.176,17.521,19.066,20.321,21.492,22.975,24.417,25.744,26.704,28.293,29.429,31.095",1
20,"3.009,4.285,5.247,6.866,8.005,9.422,10.342,11.645,12.742,14.048,15.252,16.809,17.786,19.139,20.294,21.391,22.787,24.133,25.092,26.625",1
20,"2.016,2.629,3.34,3.719,4.383,4.889,5.514,5.696,6.337,7.263,7.884,8.151,8.809,9.448,10.067,10.217,10.947,11.589,12.302,13.13",1
20,"2.887,3.977,4.747,5.547,6.778,7.686,8.384,9.547,10.591,11.571,12.336,13.244,14.433,15.02,16.219,16.899,18.217,18.97,20.151,20.986",1
20,"1.587,2.668,3.37,3.953,4.39,5.142,5.893,6.449,7.492,7.943,8.199,9.339,9.92,10.644,11.284,12.143,12.874,13.432,14.022,14.75",1
20,"1.757,2.75,3.922,4.89,5.609,6.846,7.59,8.848,9.676,10.611,11.817,12.384,13.533,14.779,15.828,16.771,17.6,18.725,19.916,20.955",1
20,"8.779,9.603,10.668,11.494,12.684,13.862,14.793,15.895,16.634,17.877,18.641,19.885,20.656,21.761,22.871,23.616,24.672,25.828,26.61,27.426",1
20,"10.034,10.895,12.242,13.645,14.633,15.826,17.269,18.215,19.693,21.026,22.202,23.264,24.988,26.017,27.469,28.468,29.628,31.054,32.234,33.343",1
20,"4.296,6.015,6.983,8.211,9.281,11.051,11.84,13.286,14.657,15.827,16.998,17.996,19.373,20.766,21.864,23.256,24.571,25.857,26.772,28.529",1
20,"8.84,10.182,11.802,13.451,14.337,15.976,17.11,18.952,20.435,21.831,23.196,24.443,26.263,27.883,29.032,30.644,31.8,33.56,34.889,36.291",1
20,"1.938,3.479,5.081,6.313,7.936,9.475,10.802,12.722,13.811,15.324,16.764,18.666,19.965,21.228,23.02,24.37,25.864,27.26,28.685,30.334",1
20,"7.063,8.425,9.12,10.123,11.145,11.867,13.032,13.438,14.678,15.589,16.481,17.578,18.61,19.599,20.471,21.277,22.373,23.278,24.342,25.259",1
20,"1.725,2.755,3.804,4.905,5.986,6.885,7.909,8.942,9.857,10.809,11.699,12.872,14.061,14.898,15.982,17.101,18.123,18.897,20.223,21.256",1
20,"4.053,4.604,5.045,5.921,6.845,7.46,8.325,9.144,10.111,10.6,11.557,12.362,13.115,13.695,14.11,15.226,16.066,16.649,17.675,18.295",1
20,"8.288,9.024,10.482,11.895,12.754,14.001,15.037,16.62,17.764,18.538,19.852,20.887,22.24,23.384,24.588,25.675,27.225,27.79,28.847,30.203",1
20,"4.388,5.288,6.171,7.28,8.014,8.95,9.999,10.638,11.601,12.583,13.125,13.946,15.244,16.153,17.277,17.879,18.866,19.601,20.563,21.656",1
20,"6.087,6.657,7.71,8.216,9.153,10.011,10.521,11.526,12.384,13.52,14.375,15.141,16.064,16.763,17.816,18.485,19.34,20.139,21.129,21.811",1
20,"3.386,4.841,5.911,7.043,8.432,9.394,10.642,12.068,13.276,14.468,15.376,16.79,17.65,18.843,19.813,21.603,22.41,23.707,24.776,26.204",1
20,"2.839,3.47,4.472,5.195,6.21,7.363,7.954,8.94,10.074,10.906,12.199,13.088,13.595,14.722,15.664,16.374,17.152,18.288,19.176,20.05",1
20,"2.12,3.519,4.771,5.746,7.272,8.077,9.466,10.724,11.877,13.098,14.673,15.475,17.179,18.088,19.246,20.514,22.032,22.713,23.904,25.169",1
20,"3.367,4.622,5.395,6.333,7.289,8.521,9.266,10.672,11.689,12.442,13.406,14.567,15.581,16.3,17.347,18.232,19.496,20.539,21.241,22.379",1
20,"4.286,4.878,5.727,6.312,7.368,8.118,8.799,9.664,10.504,11.138,11.823,13.1,13.518,14.383,15.333,16.495,16.563,17.601,18.211,19.021",1
20,"9.512,10.806,12.324,13.463,15.181,16.402,17.812,19.033,20.402,21.855,22.992,24.468,25.747,27.097,28.269,30.141,31.191,32.824,34.164,35.165",1
20,"6.361,7.065,8.08,8.919,10.05,10.849,11.624,12.702,13.875,14.674,15.805,16.626,17.642,18.859,19.74,20.673,21.778,22.69,23.807,24.492",1
20,"1.3,1.792,2.546,3.378,4.051,4.623,4.833,5.887,6.072,7.106,7.539,8.322,8.64,9.638,9.866,10.608,11.181,11.691,12.591,13.471",1
20,"9.892,10.049,10.743,11.153,11.734,12.15,12.773,13.366,13.74,14.357,14.902,15.577,15.835,16.529,17.365,17.795,18.365,18.708,19.294,19.938",1
20,"1.349,2.017,3.308,4.897,5.854,6.99,8.098,9.398,10.466,12.186,13.064,14.254,15.546,16.797,17.99,19.204,20.144,21.389,22.744,23.745",1
20,"9.942,10.551,11.919,12.771,13.906,14.91,16.029,16.984,17.977,18.985,19.806,20.761,21.881,22.854,23.692,24.793,25.721,26.592,27.907,28.716",1
20,"4.911,6.07,7.306,8.267,9.324,10.179,11.246,12.538,13.356,14.552,15.778,16.626,18.085,19.099,19.75,20.917,21.785,23.081,24.384,25.278",1
20,"8.103,9.236,11.015,12.243,13.759,15.174,16.428,17.876,19.625,20.971,22.499,23.821,25.225,26.375,28.024,29.492,31.22,32.46,34.019,35.309",1
20,"6.177,6.568,7.218,7.811,8.65,8.664,9.723,9.969,10.47,11.42,11.919,12.564,13.063,13.819,14.16,14.62,15.261,15.963,16.227,16.813",1
20,"4.084,4.757,6.025,7.123,7.898,9.198,9.704,11.078,11.977,12.595,14.236,14.796,15.651,16.548,17.702,18.693,19.704,20.62,21.737,22.56",1
20,"5.01,6.224,6.829,7.806,8.784,9.251,10.358,10.939,12.073,12.56,13.295,14.329,14.966,15.711,16.571,17.442,18.455,18.77,19.869,20.765",1
20,"8.361,9.391,10.555,11.528,12.502,13.685,14.557,15.61,16.67,17.999,18.36,19.95,20.943,21.732,23.078,24.15,25.214,25.775,27.425,28.157",1
20,"7.926,9.42,10.526,11.537,13.286,14.258,15.509,16.84,18.205,19.419,20.773,21.753,23.106,24.463,26.028,26.99,28.433,29.539,30.724,32.023",1
20,"9.635,10.361,11.364,11.919,12.88,13.711,14.745,15.523,16.564,17.193,18.218,19.192,19.658,21.164,21.681,22.298,23.504,24.363,25.224,26.263",1
20,"6.985,8.296,9.973,10.88,12.518,13.902,15.409,16.556,17.816,19.496,20.91,22.486,23.467,25.226,26.803,27.786,29.044,30.572,32.03,33.508",1
20,"7.438,8.255,9.593,9.997,11.219,12.628,13.07,13.814,14.885,15.797,16.74,17.726,18.382,19.702,20.397,21.38,22.088,23.286,23.966,24.957",1
20,"3.542,4.158,4.882,5.699,6.686,7.272,8.135,8.94,9.436,10.289,11.345,11.97,13.025,13.797,14.545,15.496,15.996,16.892,17.492,18.733",1
20,"9.693,9.973,10.606,11.328,11.678,12.178,12.983,13.44,14.032,14.455,14.899,15.768,16.444,16.851,17.676,17.931,18.455,19.179,19.753,20.457",1
20,"7.905,8.472,9.532,10.053,11.24,12.103,12.943,13.678,14.105,15.319,16.188,17.003,18.035,18.821,19.627,20.459,21.378,22.521,23.12,24.009",1
20,"8.042,8.147,9.386,10.078,10.335,10.976,11.684,12.268,13.045,13.349,14.103,15.131,15.391,16.346,16.843,17.148,18.144,18.661,19.24,19.975",1
20,"8.794,9.91,10.875,12.243,13.988,14.887,16.366,17.452,18.512,19.753,20.934,21.911,23.407,24.818,25.779,27.163,28.461,29.43,30.731,31.878",1
20,"3.249,4.447,4.946,5.952,6.708,7.81,8.68,9.462,10.229,10.998,11.704,13.024,13.468,14.532,15.441,16.048,17.137,17.946,18.941,19.461",1
20,"4.51,5.198,5.842,6.326,7.394,8.331,8.816,9.549,10.254,10.939,11.731,12.362,12.967,13.605,14.399,15.195,15.811,16.617,17.347,18.117",1
20,"5.485,6.959,8.348,9.396,11.21,12.353,13.719,15.197,16.228,17.739,18.967,20.286,21.528,23.224,24.248,25.739,26.683,28.472,29.783,30.97",1
20,"9.556,9.714,10.862,11.374,12.273,13.005,13.744,14.573,15.17,16.261,16.603,17.719,18.355,18.994,19.966,20.468,21.474,22.02,23.069,23.627",1
20,"7.67,8.387,8.779,9.711,10.492,11.256,11.461,12.176,12.401,13.504,14.006,14.427,15.296,15.682,16.262,17.013,17.392,18.315,18.614,19.225",1
20,"7.438,8.058,8.899,9.715,10.272,11.006,12.226,12.51,13.32,14.043,14.765,15.651,16.43,16.972,17.562,18.669,19.193,20.197,20.33,21.426",1
20,"5.151,6.42,7.481,8.708,9.894,11.041,12.509,13.584,14.742,16.016,17.045,18.158,19.374,20.654,21.685,22.959,24.146,25.732,26.187,27.766",1
20,"9.863,10.337,11.147,11.763,12.363,12.842,13.923,14.491,15.202,15.962,17.013,17.827,18.214,18.826,19.434,20.395,21.307,21.718,22.113,23.285",1
20,"3.928,5.079,6.111,7.114,8.495,9.393,10.341,11.366,12.973,13.987,15.018,16.049,17.146,18.175,19.382,20.239,21.557,22.731,23.98,24.993",1
20,"2.16,3.69,5.092,6.45,7.828,9.125,10.83,12.417,13.663,15.345,16.275,17.777,19.525,20.882,22.486,23.733,25.051,26.596,27.844,29.351",1
20,"7.516,8.446,9.893,11.006,12.609,13.588,14.756,16.166,17.308,18.869,19.779,20.923,22.052,23.613,24.777,25.889,27.525,28.689,29.828,31.28",1
20,"2.692,4.208,5.382,6.585,7.67,9.126,10.158,11.494,12.963,13.884,14.985,16.3,17.844,18.97,20.15,21.33,22.717,23.754,25.164,26.246",1
20,"3.519,4.267,5.009,5.119,6.25,7.011,7.995,8.306,9.191,10.09,10.368,11.323,11.842,12.586,13.24,13.95,15.167,15.584,16.321,16.929",1
20,"6.203,6.669,7.697,8.413,9.34,9.755,10.408,11.273,12.298,12.563,13.282,14.361,15.036,15.858,16.754,17.284,17.841,19.184,19.483,20.228",1
20,"4.438,5.856,7.282,8.405,10.018,10.805,12.575,13.671,15.338,16.489,17.703,19.239,20.609,21.907,22.991,24.409,25.816,27.146,28.601,29.522",1
20,"2.567,3.941,5.38,6.231,8.026,9.359,10.93,12.089,13.537,15.161,16.438,17.784,18.933,20.449,21.693,23.058,24.508,25.717,27.39,28.502",1
20,"7.871,8.61,9.992,11.158,12.269,13.072,14.245,15.598,16.439,17.613,18.999,19.86,20.863,21.945,23.231,24.086,25.353,26.545,27.794,28.804",1
20,"9.767,10.731,11.19,11.73,12.57,13.492,13.982,14.639,15.563,15.783,16.486,17.117,18.095,18.745,19.632,20.117,20.7,21.442,22.14,22.552",1
20,"1.541,1.977,2.695,3.521,4.299,4.936,5.627,6.576,7.309,7.894,8.993,9.589,10.419,11.283,11.842,12.65,13.489,14.023,14.905,15.68",1
20,"6.153,7.13,8.482,9.352,10.052,11.257,12.347,13.082,14.437,14.749,16.072,17.103,18.023,18.819,19.766,20.837,21.853,22.781,23.807,24.459",1
20,"1.981,3.098,3.868,5.15,5.695,6.582,7.495,8.291,9.284,10.369,11.124,11.894,12.782,13.76,14.745,15.82,16.346,17.406,18.383,18.993",1
20,"3.251,4.109,4.766,5.417,6.274,7.178,7.875,8.051,9.136,9.732,10.492,11.119,11.906,12.621,13.222,13.884,14.661,15.473,16.238,16.986",1
20,"7.711,8.342,8.758,9.334,9.996,10.395,11.139,11.88,12.465,12.928,13.602,14.045,14.875,15.358,15.928,16.516,17.161,17.703,18.47,18.912",1
20,"6.311,7.569,8.575,9.738,11.201,11.969,13.183,14.324,15.207,16.343,17.404,18.567,19.386,21.009,22.35,23.178,24.057,25.288,26.429,27.46",1
20,"7.503,9.042,10.419,11.732,13.133,13.824,15.64,16.42,17.641,19.036,20.156,21.56,22.559,23.978,25.463,26.518,27.805,29.112,30.473,31.305",1
20,"3.833,5.377,6.449,7.886,9.157,10.775,12.467,13.659,14.886,16.424,17.683,19.147,20.784,21.96,23.712,24.945,26.378,27.733,29.301,30.712",1
